,Duration (ms),Explicit,Danceability,Energy,Key,Loudness (db),Mode,Speechiness,Acousticness,Instrumentalness,Liveness,Valence,Tempo,Time Signature
pca1,0.06744679719424197,0.05876319046734929,-0.10552022110090517,-0.5669491109553968,-0.04957444365797823,-0.5178491840075334,0.011958151222941533,0.013727253888839885,0.438783209453376,0.09684910941207639,-0.12507500546148695,-0.3674096230294156,-0.10754759301198456,-0.1560917680666596
pca2,-0.1418490040122633,0.5789264961565387,0.4872228607503061,-0.10306500263168018,0.041605795055186696,-0.1269826538529442,-0.22771201661465554,0.5360730028288067,-0.10738690414859134,-0.023150953335515426,0.061330974089398235,0.045194539114984444,0.03549808637670598,0.14317728577258274
